{
  "carrier_code": "BC001",
  "state": "NY",
  "practice": "City Hospital",
  "provider": "9087654321",
  "default_place_of_service": "22",
  "date_of_service": "2024-07-22",
  "patient": {
    "medical_record_number": "JS98765",
    "birth": "1965-11-02",
    "gender": "F"
  },
  "procedure_list": [
    {
      "procedure": {
        "procedure_code": "15853",
        "procedure_code_reasoning": "The patient chart describes a follow-up visit for suture removal after basal cell carcinoma excision. Code 15853 is used for suture removal.",
        "from_date": "2024-07-22",
        "to_date": "2024-07-22",
        "modifier_list": [],
        "diagnosis_list": [
          {
            "diagnosis_code": "Z28.1",
            "diagnosis_code_reasoning": "Z28.1 indicates aftercare following surgery, which matches the follow-up visit for post-surgical care."
          },
          {
            "diagnosis_code": "L90.5",
            "diagnosis_code_reasoning": "L90.5 indicates scar conditions of skin, which aligns with the chart's mention of a well-healed scar."
          }
        ],
        "place_of_service": null,
        "units": 1,
        "unitstime": null
      }
    }
  ]
}
