{
  "carrier_code": "MC051",
  "state": "CA",
  "practice": "GoodHealth Clinic",
  "provider": "1234567890",
  "default_place_of_service": "11",
  "date_of_service": "2024-07-20",
  "patient": {
    "medical_record_number": "JD12345",
    "birth": "1980-03-15",
    "gender": "M"
  },
  "procedure_list": [
    {
      "procedure": {
        "procedure_code": "27603",
        "procedure_code_reasoning": "The patient presented with right knee pain and swelling, and the physician's plan included a right knee arthrocentesis.  The code 27603, \"Incision and drainage\", is the closest available code that aligns with this procedure.",
        "from_date": "2024-07-20",
        "to_date": "2024-07-20",
        "modifier_list": [],
        "diagnosis_list": [
          {
            "diagnosis": {
              "diagnosis_code": "S83.209A",
              "diagnosis_code_reasoning": "This code represents 'Unspecified tear of unspecified meniscus, current injury, right knee'. Based on the chart, the patient has an acute medial meniscus tear of the right knee diagnosed after a twisting injury while playing basketball, with positive McMurray's test on exam. This diagnosis code accurately reflects the documented injury and assessment."
            }
          }
        ],
        "place_of_service": null,
        "units": 1,
        "unitstime": null
      }
    }
  ]
}