{
  "carrier_code": "UN002",
  "state": "FL",
  "practice": "Sunshine Dermatology",
  "provider": "1122334455",
  "default_place_of_service": "11",
  "date_of_service": "2024-07-25",
  "patient": {
    "medical_record_number": "RJ00001",
    "birth": "1950-05-20",
    "gender": "M"
  },
  "procedure_list": [
    {
      "procedure": {
        "procedure_code": "17004",
        "procedure_code_reasoning": "The procedure code 17004 describes destruction of premalignant lesions like actinic keratoses, which matches the documented cryotherapy treatment of 7 actinic keratoses.",
        "from_date": "2024-07-25",
        "to_date": "2024-07-25",
        "modifier_list": [],
        "diagnosis_list": [
          {
            "diagnosis_code": "L57.0",
            "diagnosis_code_reasoning": "L57.0 is the ICD-10 code for actinic keratosis, which matches the documented diagnosis."
          }
        ],
        "place_of_service": null,
        "units": 7,
        "unitstime": null
      }
    }
  ]
}
